--
-- PostgreSQL database dump
--

-- Dumped from database version 15.4
-- Dumped by pg_dump version 15.4

SET statement_timeout = 0;
SET lock_timeout = 0;
SET idle_in_transaction_session_timeout = 0;
SET client_encoding = 'UTF8';
SET standard_conforming_strings = on;
SELECT pg_catalog.set_config('search_path', '', false);
SET check_function_bodies = false;
SET xmloption = content;
SET client_min_messages = warning;
SET row_security = off;

--
-- Name: public; Type: SCHEMA; Schema: -; Owner: weppo_admin
--

-- *not* creating schema, since initdb creates it


ALTER SCHEMA public OWNER TO weppo_admin;

--
-- Name: SCHEMA public; Type: COMMENT; Schema: -; Owner: weppo_admin
--

COMMENT ON SCHEMA public IS '';


--
-- Name: order_set_completed_at(); Type: FUNCTION; Schema: public; Owner: weppo_admin
--

CREATE FUNCTION public.order_set_completed_at() RETURNS trigger
    LANGUAGE plpgsql
    AS $$
	begin
		if old.completed = false and new.completed = true then
			NEW.completed_at := now();
		end if;
		RETURN NEW;
	END;
$$;


ALTER FUNCTION public.order_set_completed_at() OWNER TO weppo_admin;

SET default_tablespace = '';

SET default_table_access_method = heap;

--
-- Name: cart_entry; Type: TABLE; Schema: public; Owner: weppo_admin
--

CREATE TABLE public.cart_entry (
    id integer NOT NULL,
    user_id integer NOT NULL,
    product_id integer NOT NULL,
    quantity integer NOT NULL,
    CONSTRAINT cart_entry_check_quantity CHECK ((quantity > 0))
);


ALTER TABLE public.cart_entry OWNER TO weppo_admin;

--
-- Name: cart_entry_id_seq; Type: SEQUENCE; Schema: public; Owner: weppo_admin
--

ALTER TABLE public.cart_entry ALTER COLUMN id ADD GENERATED BY DEFAULT AS IDENTITY (
    SEQUENCE NAME public.cart_entry_id_seq
    START WITH 1
    INCREMENT BY 1
    NO MINVALUE
    NO MAXVALUE
    CACHE 1
);


--
-- Name: hash; Type: TABLE; Schema: public; Owner: weppo_admin
--

CREATE TABLE public.hash (
    id integer NOT NULL,
    user_id integer NOT NULL,
    hash text NOT NULL
);


ALTER TABLE public.hash OWNER TO weppo_admin;

--
-- Name: hash_id_seq; Type: SEQUENCE; Schema: public; Owner: weppo_admin
--

ALTER TABLE public.hash ALTER COLUMN id ADD GENERATED BY DEFAULT AS IDENTITY (
    SEQUENCE NAME public.hash_id_seq
    START WITH 1
    INCREMENT BY 1
    NO MINVALUE
    NO MAXVALUE
    CACHE 1
);


--
-- Name: order; Type: TABLE; Schema: public; Owner: weppo_admin
--

CREATE TABLE public."order" (
    id integer NOT NULL,
    buyer_id integer NOT NULL,
    product_id integer NOT NULL,
    quantity integer NOT NULL,
    ordered_at timestamp without time zone DEFAULT now() NOT NULL,
    successful boolean DEFAULT false NOT NULL,
    completed_at timestamp without time zone DEFAULT now() NOT NULL,
    completed boolean DEFAULT false NOT NULL
);


ALTER TABLE public."order" OWNER TO weppo_admin;

--
-- Name: order_id_seq; Type: SEQUENCE; Schema: public; Owner: weppo_admin
--

ALTER TABLE public."order" ALTER COLUMN id ADD GENERATED BY DEFAULT AS IDENTITY (
    SEQUENCE NAME public.order_id_seq
    START WITH 1
    INCREMENT BY 1
    NO MINVALUE
    NO MAXVALUE
    CACHE 1
);


--
-- Name: product; Type: TABLE; Schema: public; Owner: weppo_admin
--

CREATE TABLE public.product (
    id integer NOT NULL,
    name text NOT NULL,
    price numeric NOT NULL,
    description text NOT NULL,
    quantity integer NOT NULL
);


ALTER TABLE public.product OWNER TO weppo_admin;

--
-- Name: product_id_seq; Type: SEQUENCE; Schema: public; Owner: weppo_admin
--

ALTER TABLE public.product ALTER COLUMN id ADD GENERATED BY DEFAULT AS IDENTITY (
    SEQUENCE NAME public.product_id_seq
    START WITH 1
    INCREMENT BY 1
    NO MINVALUE
    NO MAXVALUE
    CACHE 1
);


--
-- Name: role; Type: TABLE; Schema: public; Owner: weppo_admin
--

CREATE TABLE public.role (
    id integer NOT NULL,
    name text NOT NULL
);


ALTER TABLE public.role OWNER TO weppo_admin;

--
-- Name: role_id_seq; Type: SEQUENCE; Schema: public; Owner: weppo_admin
--

ALTER TABLE public.role ALTER COLUMN id ADD GENERATED BY DEFAULT AS IDENTITY (
    SEQUENCE NAME public.role_id_seq
    START WITH 1
    INCREMENT BY 1
    NO MINVALUE
    NO MAXVALUE
    CACHE 1
);


--
-- Name: user; Type: TABLE; Schema: public; Owner: weppo_admin
--

CREATE TABLE public."user" (
    id integer NOT NULL,
    name text NOT NULL,
    email text NOT NULL
);


ALTER TABLE public."user" OWNER TO weppo_admin;

--
-- Name: user_id_seq; Type: SEQUENCE; Schema: public; Owner: weppo_admin
--

ALTER TABLE public."user" ALTER COLUMN id ADD GENERATED BY DEFAULT AS IDENTITY (
    SEQUENCE NAME public.user_id_seq
    START WITH 1
    INCREMENT BY 1
    NO MINVALUE
    NO MAXVALUE
    CACHE 1
);


--
-- Name: userrole; Type: TABLE; Schema: public; Owner: weppo_admin
--

CREATE TABLE public.userrole (
    id integer NOT NULL,
    user_id integer NOT NULL,
    role_id integer NOT NULL
);


ALTER TABLE public.userrole OWNER TO weppo_admin;

--
-- Name: userrole_id_seq; Type: SEQUENCE; Schema: public; Owner: weppo_admin
--

ALTER TABLE public.userrole ALTER COLUMN id ADD GENERATED BY DEFAULT AS IDENTITY (
    SEQUENCE NAME public.userrole_id_seq
    START WITH 1
    INCREMENT BY 1
    NO MINVALUE
    NO MAXVALUE
    CACHE 1
);


--
-- Data for Name: cart_entry; Type: TABLE DATA; Schema: public; Owner: weppo_admin
--

COPY public.cart_entry (id, user_id, product_id, quantity) FROM stdin;
\.


--
-- Data for Name: hash; Type: TABLE DATA; Schema: public; Owner: weppo_admin
--

COPY public.hash (id, user_id, hash) FROM stdin;
1	1	$2b$10$hRjaoxQ7E4flB1kYXU63W.SlWqbEv.KeGf38P04Jn3VtA5qNwalXu
2	2	$2b$10$RWU0mhN4mXehWCs3D.ab2eG/84X76qTS7nhNtf6TVODDXSKsFDaXS
3	3	$2b$10$ZYBfMjX60tzRtzrPkPD/TuuPR/l6EP7AoeKeGEUjIfyDUNB0N3R/.
4	4	$2b$10$MwFtaSket0PGbggvCWIaKedUCkCMn1/QgXCu/W9sQzrLN4cozNreK
5	5	$2b$10$xsRH4ycx3z5XsMqqeFdrL.NUgXBsAvTnAOiEZKdegrP/Njyx.nzP.
6	6	$2b$10$LaCPGSVg/6XH1fVJlV3MSOdsmZVHblQhd8b44JOixILHTk/exs9My
7	7	$2b$10$86nElvchdENt/5WhNW9oqOu2eZ2220zPITyw5NxW2Y.QW1UfOiKti
\.


--
-- Data for Name: order; Type: TABLE DATA; Schema: public; Owner: weppo_admin
--

COPY public."order" (id, buyer_id, product_id, quantity, ordered_at, successful, completed_at, completed) FROM stdin;
1	5	9	1	2024-01-25 23:55:06.03746	f	2024-01-25 23:55:06.03746	f
2	6	1	1	2024-01-25 23:56:40.480684	f	2024-01-25 23:56:40.480684	f
3	6	3	1	2024-01-25 23:56:40.480684	f	2024-01-25 23:56:40.480684	f
4	6	8	2	2024-01-25 23:56:40.480684	f	2024-01-25 23:56:40.480684	f
5	2	5	10	2024-01-25 23:57:07.150706	f	2024-01-25 23:57:07.150706	f
6	3	2	2	2024-01-25 23:57:54.466904	f	2024-01-25 23:57:54.466904	f
7	3	10	1	2024-01-25 23:57:54.466904	f	2024-01-25 23:57:54.466904	f
8	3	12	1	2024-01-25 23:57:54.466904	f	2024-01-25 23:57:54.466904	f
\.


--
-- Data for Name: product; Type: TABLE DATA; Schema: public; Owner: weppo_admin
--

COPY public.product (id, name, price, description, quantity) FROM stdin;
1	water	1.79	1.5 l; quite wet	50
3	orange juice	2.49	1.5 l; strawberry flavor	35
4	ice tea	2.49	1.5 l; actually peach-flavored apple juice	15
2	cookies	3.99	20 pieces; crumbs included	30
5	coffee	14.99	1 kg; exactly what Julia needs	20
6	energy drink	4.49	300 ml; a student's breakfast	20
7	coke	2.49	2 l; the boring kind	20
8	bread	2.79	400 g; expires tomorrow	50
10	Cherry bomb	0.79	a cherry-flavored candy; not to be confused with jkcherrybomb	100
11	matches	0.49	50 pieces; box not included	40
12	milkshake	1.99	1 l; extra thick	20
13	cucumber	2.39	price per kg; 😏	50
9	HTML5 accelerator card	499.99	https://cdn.discordapp.com/attachments/1065966173407154238/1200201889338363994/ad02ac4204ef95f5.png	1
14	margarine	5.99	600 g; I can't believe it's not butter	20
\.


--
-- Data for Name: role; Type: TABLE DATA; Schema: public; Owner: weppo_admin
--

COPY public.role (id, name) FROM stdin;
1	admin
\.


--
-- Data for Name: user; Type: TABLE DATA; Schema: public; Owner: weppo_admin
--

COPY public."user" (id, name, email) FROM stdin;
1	john33	john.doe@mail.com
2	juliaKV	julia331805@uwr.edu.pl
3	oskar24	oskar329827@uwr.edu.pl
4	admin1234	admin@shop.com
5	victor2024	victor2024@cs.pl
7	joe.biden	president@usa.eu
6	paul_zhehonec	paul@java.org
\.


--
-- Data for Name: userrole; Type: TABLE DATA; Schema: public; Owner: weppo_admin
--

COPY public.userrole (id, user_id, role_id) FROM stdin;
1	1	1
2	4	1
\.


--
-- Name: cart_entry_id_seq; Type: SEQUENCE SET; Schema: public; Owner: weppo_admin
--

SELECT pg_catalog.setval('public.cart_entry_id_seq', 8, true);


--
-- Name: hash_id_seq; Type: SEQUENCE SET; Schema: public; Owner: weppo_admin
--

SELECT pg_catalog.setval('public.hash_id_seq', 7, true);


--
-- Name: order_id_seq; Type: SEQUENCE SET; Schema: public; Owner: weppo_admin
--

SELECT pg_catalog.setval('public.order_id_seq', 8, true);


--
-- Name: product_id_seq; Type: SEQUENCE SET; Schema: public; Owner: weppo_admin
--

SELECT pg_catalog.setval('public.product_id_seq', 14, true);


--
-- Name: role_id_seq; Type: SEQUENCE SET; Schema: public; Owner: weppo_admin
--

SELECT pg_catalog.setval('public.role_id_seq', 1, true);


--
-- Name: user_id_seq; Type: SEQUENCE SET; Schema: public; Owner: weppo_admin
--

SELECT pg_catalog.setval('public.user_id_seq', 7, true);


--
-- Name: userrole_id_seq; Type: SEQUENCE SET; Schema: public; Owner: weppo_admin
--

SELECT pg_catalog.setval('public.userrole_id_seq', 2, true);


--
-- Name: cart_entry cart_entry_pk; Type: CONSTRAINT; Schema: public; Owner: weppo_admin
--

ALTER TABLE ONLY public.cart_entry
    ADD CONSTRAINT cart_entry_pk PRIMARY KEY (id);


--
-- Name: hash hash_pk; Type: CONSTRAINT; Schema: public; Owner: weppo_admin
--

ALTER TABLE ONLY public.hash
    ADD CONSTRAINT hash_pk PRIMARY KEY (id);


--
-- Name: order order_pk; Type: CONSTRAINT; Schema: public; Owner: weppo_admin
--

ALTER TABLE ONLY public."order"
    ADD CONSTRAINT order_pk PRIMARY KEY (id);


--
-- Name: product product_pk; Type: CONSTRAINT; Schema: public; Owner: weppo_admin
--

ALTER TABLE ONLY public.product
    ADD CONSTRAINT product_pk PRIMARY KEY (id);


--
-- Name: role role_pk; Type: CONSTRAINT; Schema: public; Owner: weppo_admin
--

ALTER TABLE ONLY public.role
    ADD CONSTRAINT role_pk PRIMARY KEY (id);


--
-- Name: user user_email_unique; Type: CONSTRAINT; Schema: public; Owner: weppo_admin
--

ALTER TABLE ONLY public."user"
    ADD CONSTRAINT user_email_unique UNIQUE (email);


--
-- Name: user user_pk; Type: CONSTRAINT; Schema: public; Owner: weppo_admin
--

ALTER TABLE ONLY public."user"
    ADD CONSTRAINT user_pk PRIMARY KEY (id);


--
-- Name: userrole userrole_pk; Type: CONSTRAINT; Schema: public; Owner: weppo_admin
--

ALTER TABLE ONLY public.userrole
    ADD CONSTRAINT userrole_pk PRIMARY KEY (id);


--
-- Name: order order_set_completed_at; Type: TRIGGER; Schema: public; Owner: weppo_admin
--

CREATE TRIGGER order_set_completed_at BEFORE UPDATE ON public."order" FOR EACH ROW EXECUTE FUNCTION public.order_set_completed_at();


--
-- Name: cart_entry cart_entry_product_fk; Type: FK CONSTRAINT; Schema: public; Owner: weppo_admin
--

ALTER TABLE ONLY public.cart_entry
    ADD CONSTRAINT cart_entry_product_fk FOREIGN KEY (product_id) REFERENCES public.product(id) ON UPDATE CASCADE ON DELETE CASCADE;


--
-- Name: cart_entry cart_entry_user_fk; Type: FK CONSTRAINT; Schema: public; Owner: weppo_admin
--

ALTER TABLE ONLY public.cart_entry
    ADD CONSTRAINT cart_entry_user_fk FOREIGN KEY (user_id) REFERENCES public."user"(id) ON UPDATE CASCADE ON DELETE CASCADE;


--
-- Name: hash hash_user_fk; Type: FK CONSTRAINT; Schema: public; Owner: weppo_admin
--

ALTER TABLE ONLY public.hash
    ADD CONSTRAINT hash_user_fk FOREIGN KEY (user_id) REFERENCES public."user"(id) ON UPDATE CASCADE ON DELETE CASCADE;


--
-- Name: order order_product_fk; Type: FK CONSTRAINT; Schema: public; Owner: weppo_admin
--

ALTER TABLE ONLY public."order"
    ADD CONSTRAINT order_product_fk FOREIGN KEY (product_id) REFERENCES public.product(id) ON UPDATE CASCADE ON DELETE CASCADE;


--
-- Name: order order_user_fk; Type: FK CONSTRAINT; Schema: public; Owner: weppo_admin
--

ALTER TABLE ONLY public."order"
    ADD CONSTRAINT order_user_fk FOREIGN KEY (buyer_id) REFERENCES public."user"(id) ON UPDATE CASCADE ON DELETE CASCADE;


--
-- Name: userrole userrole_role_fk; Type: FK CONSTRAINT; Schema: public; Owner: weppo_admin
--

ALTER TABLE ONLY public.userrole
    ADD CONSTRAINT userrole_role_fk FOREIGN KEY (role_id) REFERENCES public.role(id) ON UPDATE CASCADE ON DELETE CASCADE;


--
-- Name: userrole userrole_user_fk; Type: FK CONSTRAINT; Schema: public; Owner: weppo_admin
--

ALTER TABLE ONLY public.userrole
    ADD CONSTRAINT userrole_user_fk FOREIGN KEY (user_id) REFERENCES public."user"(id) ON UPDATE CASCADE ON DELETE CASCADE;


--
-- Name: SCHEMA public; Type: ACL; Schema: -; Owner: weppo_admin
--

REVOKE USAGE ON SCHEMA public FROM PUBLIC;


--
-- Name: DEFAULT PRIVILEGES FOR SEQUENCES; Type: DEFAULT ACL; Schema: public; Owner: weppo_admin
--

ALTER DEFAULT PRIVILEGES FOR ROLE weppo_admin IN SCHEMA public GRANT ALL ON SEQUENCES  TO weppo_admin;


--
-- Name: DEFAULT PRIVILEGES FOR FUNCTIONS; Type: DEFAULT ACL; Schema: public; Owner: weppo_admin
--

ALTER DEFAULT PRIVILEGES FOR ROLE weppo_admin IN SCHEMA public GRANT ALL ON FUNCTIONS  TO weppo_admin;


--
-- Name: DEFAULT PRIVILEGES FOR TABLES; Type: DEFAULT ACL; Schema: public; Owner: weppo_admin
--

ALTER DEFAULT PRIVILEGES FOR ROLE weppo_admin IN SCHEMA public GRANT ALL ON TABLES  TO weppo_admin;


--
-- PostgreSQL database dump complete
--

